<demand xmlns:xsi="http://www.w3.org/2001/XMLSchema-instance" xsi:noNamespaceSchemaLocation="https://sumo.dlr.de/xsd/amitran/od.xsd">
    <actorConfig id="0">
        <timeSlice duration="86400000" startTime="0">
            <odPair amount="7749" destination="-2036" origin="-2030"/>
            <odPair amount="7749" destination="-2051" origin="-2030"/>
            <odPair amount="7749" destination="-2075" origin="-2030"/>
            <odPair amount="7749" destination="-2081" origin="-2030"/>
            <odPair amount="7749" destination="-2089" origin="-2030"/>
            <odPair amount="6780" destination="-2030" origin="-2036"/>
            <odPair amount="6780" destination="-2051" origin="-2036"/>
            <odPair amount="6780" destination="-2075" origin="-2036"/>
            <odPair amount="6780" destination="-2081" origin="-2036"/>
            <odPair amount="6780" destination="-2089" origin="-2036"/>
            <odPair amount="7263" destination="-2030" origin="-2051"/>
            <odPair amount="7263" destination="-2036" origin="-2051"/>
            <odPair amount="7263" destination="-2075" origin="-2051"/>
            <odPair amount="7263" destination="-2081" origin="-2051"/>
            <odPair amount="7263" destination="-2089" origin="-2051"/>
            <odPair amount="5668" destination="-2030" origin="-2075"/>
            <odPair amount="5668" destination="-2036" origin="-2075"/>
            <odPair amount="5668" destination="-2051" origin="-2075"/>
            <odPair amount="5668" destination="-2081" origin="-2075"/>
            <odPair amount="5668" destination="-2089" origin="-2075"/>
            <odPair amount="3462" destination="-2030" origin="-2081"/>
            <odPair amount="3462" destination="-2036" origin="-2081"/>
            <odPair amount="3462" destination="-2051" origin="-2081"/>
            <odPair amount="3462" destination="-2075" origin="-2081"/>
            <odPair amount="3462" destination="-2089" origin="-2081"/>
            <odPair amount="9800" destination="-2030" origin="-2089"/>
            <odPair amount="9800" destination="-2036" origin="-2089"/>
            <odPair amount="9800" destination="-2051" origin="-2089"/>
            <odPair amount="9800" destination="-2075" origin="-2089"/>
            <odPair amount="9800" destination="-2081" origin="-2089"/>
        </timeSlice>
    </actorConfig>
</demand>
