<?xml version="1.0" encoding="UTF-8"?>

<!-- generated on 2025-08-27 17:25:15 by Eclipse SUMO GUI Version c915cd253
<sumoConfiguration xmlns:xsi="http://www.w3.org/2001/XMLSchema-instance" xsi:noNamespaceSchemaLocation="http://sumo.dlr.de/xsd/sumoConfiguration.xsd">

    <input>
        <net-file value="/home/dahou/Desktop/StageLIDSI/saga_test2/episode4/ep4/osm.net.xml"/>
        <route-files value="/home/dahou/Desktop/StageLIDSI/saga_test2/episode4/ep4/osm_activitygen.merged.rou.xml"/>
        <additional-files value="/home/dahou/Desktop/StageLIDSI/saga_test2/episode4/ep4/osm_polygons.add.xml,/home/dahou/Desktop/StageLIDSI/saga_test2/episode4/ep4/basic.vType.xml,/home/dahou/Desktop/StageLIDSI/saga_test2/episode4/ep4/osm_stops.add.xml,/home/dahou/Desktop/StageLIDSI/saga_test2/episode4/ep4/osm_complete_parking_areas.add.xml,/home/dahou/Desktop/StageLIDSI/saga_test2/episode4/ep4/osm_parking_rerouters.add.xml,/home/dahou/Desktop/StageLIDSI/saga_test2/episode4/ep4/osm_taxi_stands.add.xml,/home/dahou/Desktop/StageLIDSI/saga_test2/episode4/ep4/osm_taxi_rerouters.add.xml"/>
    </input>

    <output>
        <output-prefix value="output."/>
        <summary-output value="/home/dahou/Desktop/StageLIDSI/saga_test2/episode4/ep4/summary.xml"/>
        <person-summary-output value="/home/dahou/Desktop/StageLIDSI/saga_test2/episode4/ep4/person.summary.xml"/>
        <tripinfo-output value="/home/dahou/Desktop/StageLIDSI/saga_test2/episode4/ep4/tripinfo.xml"/>
        <tripinfo-output.write-unfinished value="false"/>
        <statistic-output value="/home/dahou/Desktop/StageLIDSI/saga_test2/episode4/ep4/statistics.xml"/>
    </output>

    <time>
        <begin value="0.0"/>
        <end value="15000.0"/>
        <step-length value="0.9"/>
    </time>

    <processing>
        <lateral-resolution value="0.8"/>
        <ignore-junction-blocker value="60"/>
        <ignore-route-errors value="true"/>
        <collision.action value="teleport"/>
        <time-to-teleport value="300"/>
        <max-depart-delay value="900"/>
        <time-to-impatience value="120"/>
        <parking.maneuver value="true"/>
        <pedestrian.model value="striping"/>
        <pedestrian.striping.stripe-width value="0.55"/>
        <pedestrian.striping.dawdling value="0.2"/>
        <pedestrian.striping.jamtime value="60"/>
        <pedestrian.striping.jamtime.crossing value="10"/>
        <pedestrian.striping.reserve-oncoming value="0.25"/>
        <pedestrian.striping.reserve-oncoming.junctions value="0.34"/>
        <ride.stop-tolerance value="25"/>
    </processing>

    <routing>
        <routing-algorithm value="astar"/>
        <persontrip.walkfactor value="0.75"/>
        <persontrip.transfer.car-walk value="parkingAreas,allJunctions"/>
        <persontrip.transfer.taxi-walk value="parkingAreas,allJunctions"/>
        <persontrip.transfer.walk-taxi value="parkingAreas,allJunctions"/>
        <persontrip.taxi.waiting-time value="300"/>
        <device.rerouting.probability value="1"/>
        <device.rerouting.period value="300"/>
        <device.rerouting.pre-period value="300"/>
        <device.rerouting.bike-speeds value="true"/>
        <person-device.rerouting.probability value="1"/>
        <person-device.rerouting.period value="300"/>
    </routing>

    <report>
        <verbose value="true"/>
        <no-warnings value="false"/>
        <duration-log.disable value="false"/>
        <duration-log.statistics value="true"/>
        <no-step-log value="false"/>
    </report>

    <taxi_device>
        <device.taxi.dispatch-algorithm value="greedy"/>
        <device.taxi.dispatch-algorithm.output value="/home/dahou/Desktop/StageLIDSI/saga_test2/episode4/ep4/taxi.dispatch.xml"/>
        <device.taxi.dispatch-period value="60"/>
        <device.taxi.idle-algorithm value="stop"/>
        <device.taxi.idle-algorithm.output value="/home/dahou/Desktop/StageLIDSI/saga_test2/episode4/ep4/taxi.idle.xml"/>
    </taxi_device>

    <random_number>
        <seed value="42"/>
    </random_number>

    <gui_only>
        <gui-settings-file value="/home/dahou/Desktop/StageLIDSI/saga_test2/episode4/ep4/default-gui.xml"/>
    </gui_only>

</sumoConfiguration>
-->

<statistics xmlns:xsi="http://www.w3.org/2001/XMLSchema-instance" xsi:noNamespaceSchemaLocation="http://sumo.dlr.de/xsd/statistic_file.xsd">
    <performance clockBegin="1756311916.34" clockEnd="1756312067.34" clockDuration="151.01" traciDuration="111.57" realTimeFactor="99.34" vehicleUpdatesPerSecond="18242.46" personUpdatesPerSecond="17863.30" begin="0.00" end="15000.30" duration="15000.30"/>
    <vehicles loaded="244" inserted="244" running="50" waiting="0"/>
    <teleports total="9" jam="0" yield="3" wrongLane="6"/>
    <safety collisions="0" emergencyStops="0" emergencyBraking="0"/>
    <persons loaded="283" running="0" jammed="1"/>
    <personTeleports total="0" abortWait="0" wrongDest="0"/>
    <vehicleTripStatistics count="194" routeLength="4309.32" speed="0.48" duration="8913.49" waitingTime="93.29" timeLoss="165.14" departDelay="0.11" departDelayWaiting="-1.00" totalTravelTime="1729217.70" totalDepartDelay="20.70"/>
    <pedestrianStatistics number="464" routeLength="681.98" duration="575.02" timeLoss="77.71"/>
    <rideStatistics number="566" waitingTime="42.91" routeLength="2155.26" duration="229.92" bus="0" train="0" taxi="178" bike="0" aborted="0"/>
    <transportStatistics number="0"/>
</statistics>
