<?xml version="1.0" encoding="UTF-8"?>

<!-- generated on 2025-08-27 16:54:50 by Eclipse SUMO sumo Version c915cd253
<sumoConfiguration xmlns:xsi="http://www.w3.org/2001/XMLSchema-instance" xsi:noNamespaceSchemaLocation="http://sumo.dlr.de/xsd/sumoConfiguration.xsd">

    <input>
        <net-file value="osm.net.xml"/>
        <route-files value="trips.trips.xml"/>
        <additional-files value="osm_stops.add.xml"/>
    </input>

    <output>
        <vehroute-output value="vehroutes.xml"/>
        <stop-output value="stopinfos.xml"/>
    </output>

    <time>
        <begin value="14400.0"/>
    </time>

    <processing>
        <ignore-route-errors value="true"/>
        <time-to-teleport.disconnected value="0"/>
    </processing>

    <routing>
        <device.rerouting.adaptation-interval value="0"/>
    </routing>

    <report>
        <aggregate-warnings value="5"/>
        <error-log value="trips.trips.xml.errorlog"/>
        <no-step-log value="true"/>
    </report>

</sumoConfiguration>
-->

<stops xmlns:xsi="http://www.w3.org/2001/XMLSchema-instance" xsi:noNamespaceSchemaLocation="http://sumo.dlr.de/xsd/stopinfo_file.xsd">
    <stopinfo id="0_bus_L301:0" type="pt_bus" lane="--181340#3_1" pos="25.84" parking="0" started="14410.00" ended="14440.00" busStop="-633967" initialPersons="0" loadedPersons="0" unloadedPersons="0" initialContainers="0" loadedContainers="0" unloadedContainers="0" blockedDuration="0.00"/>
    <stopinfo id="2_tram_T2:0" type="pt_tram" lane="-181475#1_0" pos="55.57" parking="0" started="14425.00" ended="14455.00" busStop="-637986" initialPersons="0" loadedPersons="0" unloadedPersons="0" initialContainers="0" loadedContainers="0" unloadedContainers="0" blockedDuration="0.00"/>
    <stopinfo id="3_bus_L50:0" type="pt_bus" lane="-178024_1" pos="36.09" parking="0" started="14427.00" ended="14457.00" busStop="-640755" initialPersons="0" loadedPersons="0" unloadedPersons="0" initialContainers="0" loadedContainers="0" unloadedContainers="0" blockedDuration="0.00"/>
    <stopinfo id="1_bus_L97B:0" type="pt_bus" lane="-177456_1" pos="88.16" parking="0" started="14431.00" ended="14461.00" busStop="-629689" initialPersons="0" loadedPersons="0" unloadedPersons="0" initialContainers="0" loadedContainers="0" unloadedContainers="0" blockedDuration="0.00"/>
    <stopinfo id="5_tram_T2:1" type="pt_tram" lane="178073#0_0" pos="0.51" parking="0" started="14456.00" ended="14486.00" busStop="647234" initialPersons="0" loadedPersons="0" unloadedPersons="0" initialContainers="0" loadedContainers="0" unloadedContainers="0" blockedDuration="0.00"/>
    <stopinfo id="4_bus_L68:0" type="pt_bus" lane="-179664#3_1" pos="23.51" parking="0" started="14459.00" ended="14489.00" busStop="-645244" initialPersons="0" loadedPersons="0" unloadedPersons="0" initialContainers="0" loadedContainers="0" unloadedContainers="0" blockedDuration="0.00"/>
    <stopinfo id="0_bus_L301:0" type="pt_bus" lane="--179852#0_1" pos="36.89" parking="0" started="14469.00" ended="14499.00" busStop="-633672" initialPersons="0" loadedPersons="0" unloadedPersons="0" initialContainers="0" loadedContainers="0" unloadedContainers="0" blockedDuration="0.00"/>
    <stopinfo id="3_bus_L50:0" type="pt_bus" lane="-177374#0_1" pos="32.65" parking="0" started="14495.00" ended="14525.00" busStop="-632631" initialPersons="0" loadedPersons="0" unloadedPersons="0" initialContainers="0" loadedContainers="0" unloadedContainers="0" blockedDuration="0.00"/>
    <stopinfo id="6_bus_L13:0" type="pt_bus" lane="-179664#3_1" pos="23.50" parking="0" started="14497.00" ended="14527.00" busStop="-645244" initialPersons="0" loadedPersons="0" unloadedPersons="0" initialContainers="0" loadedContainers="0" unloadedContainers="0" blockedDuration="37.00"/>
    <stopinfo id="7_bus_L97B:1" type="pt_bus" lane="-179063#3_1" pos="48.55" parking="0" started="14504.00" ended="14534.00" busStop="-646707" initialPersons="0" loadedPersons="0" unloadedPersons="0" initialContainers="0" loadedContainers="0" unloadedContainers="0" blockedDuration="0.00"/>
    <stopinfo id="4_bus_L68:0" type="pt_bus" lane="-179664#8_1" pos="61.03" parking="0" started="14519.00" ended="14549.00" busStop="-644616" initialPersons="0" loadedPersons="0" unloadedPersons="0" initialContainers="0" loadedContainers="0" unloadedContainers="0" blockedDuration="0.00"/>
    <stopinfo id="10_bus_L301:1" type="pt_bus" lane="-177678#0_1" pos="14.99" parking="0" started="14535.00" ended="14565.00" busStop="-630610" initialPersons="0" loadedPersons="0" unloadedPersons="0" initialContainers="0" loadedContainers="0" unloadedContainers="0" blockedDuration="0.00"/>
    <stopinfo id="1_bus_L97B:0" type="pt_bus" lane="-179664#3_1" pos="23.50" parking="0" started="14536.00" ended="14566.00" busStop="-645244" initialPersons="0" loadedPersons="0" unloadedPersons="0" initialContainers="0" loadedContainers="0" unloadedContainers="0" blockedDuration="35.00"/>
    <stopinfo id="9_bus_L9E:0" type="pt_bus" lane="--177764#1_1" pos="39.03" parking="0" started="14541.00" ended="14571.00" busStop="-637332" initialPersons="0" loadedPersons="0" unloadedPersons="0" initialContainers="0" loadedContainers="0" unloadedContainers="0" blockedDuration="0.00"/>
    <stopinfo id="0_bus_L301:0" type="pt_bus" lane="-180545#5_1" pos="3.80" parking="0" started="14545.00" ended="14575.00" busStop="-641493" initialPersons="0" loadedPersons="0" unloadedPersons="0" initialContainers="0" loadedContainers="0" unloadedContainers="0" blockedDuration="0.00"/>
    <stopinfo id="3_bus_L50:0" type="pt_bus" lane="-177915#1_1" pos="7.99" parking="0" started="14552.00" ended="14582.00" busStop="-629635" initialPersons="0" loadedPersons="0" unloadedPersons="0" initialContainers="0" loadedContainers="0" unloadedContainers="0" blockedDuration="0.00"/>
    <stopinfo id="6_bus_L13:0" type="pt_bus" lane="-179664#8_1" pos="61.04" parking="0" started="14558.00" ended="14588.00" busStop="-644616" initialPersons="0" loadedPersons="0" unloadedPersons="0" initialContainers="0" loadedContainers="0" unloadedContainers="0" blockedDuration="0.00"/>
    <stopinfo id="5_tram_T2:1" type="pt_tram" lane="-178073#8_0" pos="64.85" parking="0" started="14563.00" ended="14593.00" busStop="-631403" initialPersons="0" loadedPersons="0" unloadedPersons="0" initialContainers="0" loadedContainers="0" unloadedContainers="0" blockedDuration="0.00"/>
    <stopinfo id="7_bus_L97B:1" type="pt_bus" lane="-180991#0_1" pos="105.82" parking="0" started="14566.00" ended="14596.00" busStop="-636324" initialPersons="0" loadedPersons="0" unloadedPersons="0" initialContainers="0" loadedContainers="0" unloadedContainers="0" blockedDuration="0.00"/>
    <stopinfo id="2_tram_T2:0" type="pt_tram" lane="-181475#11_0" pos="79.26" parking="0" started="14570.00" ended="14600.00" busStop="-642554" initialPersons="0" loadedPersons="0" unloadedPersons="0" initialContainers="0" loadedContainers="0" unloadedContainers="0" blockedDuration="0.00"/>
    <stopinfo id="11_bus_L63:0" type="pt_bus" lane="-177678#0_1" pos="27.29" parking="0" started="14576.00" ended="14606.00" busStop="-643745" initialPersons="0" loadedPersons="0" unloadedPersons="0" initialContainers="0" loadedContainers="0" unloadedContainers="0" blockedDuration="0.00"/>
    <stopinfo id="12_bus_L63:1" type="pt_bus" lane="--177603#2_1" pos="71.71" parking="0" started="14580.00" ended="14610.00" busStop="-646556" initialPersons="0" loadedPersons="0" unloadedPersons="0" initialContainers="0" loadedContainers="0" unloadedContainers="0" blockedDuration="0.00"/>
    <stopinfo id="9_bus_L9E:0" type="pt_bus" lane="--178768#0_1" pos="16.67" parking="0" started="14594.00" ended="14624.00" busStop="-636445" initialPersons="0" loadedPersons="0" unloadedPersons="0" initialContainers="0" loadedContainers="0" unloadedContainers="0" blockedDuration="0.00"/>
    <stopinfo id="1_bus_L97B:0" type="pt_bus" lane="-179664#8_1" pos="61.03" parking="0" started="14596.00" ended="14626.00" busStop="-644616" initialPersons="0" loadedPersons="0" unloadedPersons="0" initialContainers="0" loadedContainers="0" unloadedContainers="0" blockedDuration="0.00"/>
    <stopinfo id="13_bus_L68:1" type="pt_bus" lane="-180187#0_1" pos="15.00" parking="0" started="14606.00" ended="14636.00" busStop="-645667" initialPersons="0" loadedPersons="0" unloadedPersons="0" initialContainers="0" loadedContainers="0" unloadedContainers="0" blockedDuration="0.00"/>
    <stopinfo id="10_bus_L301:1" type="pt_bus" lane="-179261#2_1" pos="135.02" parking="0" started="14611.00" ended="14641.00" busStop="-642135" initialPersons="0" loadedPersons="0" unloadedPersons="0" initialContainers="0" loadedContainers="0" unloadedContainers="0" blockedDuration="0.00"/>
    <stopinfo id="3_bus_L50:0" type="pt_bus" lane="--181653#13_1" pos="15.00" parking="0" started="14624.00" ended="14654.00" busStop="-637119" initialPersons="0" loadedPersons="0" unloadedPersons="0" initialContainers="0" loadedContainers="0" unloadedContainers="0" blockedDuration="0.00"/>
    <stopinfo id="12_bus_L63:1" type="pt_bus" lane="--179071#10_1" pos="4.08" parking="0" started="14636.00" ended="14666.00" busStop="-647519" initialPersons="0" loadedPersons="0" unloadedPersons="0" initialContainers="0" loadedContainers="0" unloadedContainers="0" blockedDuration="0.00"/>
    <stopinfo id="11_bus_L63:0" type="pt_bus" lane="-179261#2_1" pos="135.00" parking="0" started="14651.00" ended="14681.00" busStop="-642135" initialPersons="0" loadedPersons="0" unloadedPersons="0" initialContainers="0" loadedContainers="0" unloadedContainers="0" blockedDuration="0.00"/>
    <stopinfo id="5_tram_T2:1" type="pt_tram" lane="-178073#18_0" pos="50.41" parking="0" started="14660.00" ended="14690.00" busStop="-632608" initialPersons="0" loadedPersons="0" unloadedPersons="0" initialContainers="0" loadedContainers="0" unloadedContainers="0" blockedDuration="0.00"/>
    <stopinfo id="15_bus_72:0" type="pt_bus" lane="--179071#10_1" pos="4.09" parking="0" started="14672.00" ended="14702.00" busStop="-646024" initialPersons="0" loadedPersons="0" unloadedPersons="0" initialContainers="0" loadedContainers="0" unloadedContainers="0" blockedDuration="0.00"/>
    <stopinfo id="10_bus_L301:1" type="pt_bus" lane="-179559#7_1" pos="3.34" parking="0" started="14675.00" ended="14705.00" busStop="-639989" initialPersons="0" loadedPersons="0" unloadedPersons="0" initialContainers="0" loadedContainers="0" unloadedContainers="0" blockedDuration="0.00"/>
    <stopinfo id="13_bus_L68:1" type="pt_bus" lane="--177764#1_1" pos="39.05" parking="0" started="14676.00" ended="14706.00" busStop="-637332" initialPersons="0" loadedPersons="0" unloadedPersons="0" initialContainers="0" loadedContainers="0" unloadedContainers="0" blockedDuration="0.00"/>
    <stopinfo id="2_tram_T2:0" type="pt_tram" lane="-181475#19_0" pos="58.83" parking="0" started="14685.00" ended="14715.00" busStop="-640970" initialPersons="0" loadedPersons="0" unloadedPersons="0" initialContainers="0" loadedContainers="0" unloadedContainers="0" blockedDuration="0.00"/>
    <stopinfo id="12_bus_L63:1" type="pt_bus" lane="--179071#5_1" pos="27.15" parking="0" started="14691.00" ended="14721.00" busStop="-630154" initialPersons="0" loadedPersons="0" unloadedPersons="0" initialContainers="0" loadedContainers="0" unloadedContainers="0" blockedDuration="0.00"/>
    <stopinfo id="3_bus_L50:0" type="pt_bus" lane="--181653#5_1" pos="26.79" parking="0" started="14700.00" ended="14730.00" busStop="-638160" initialPersons="0" loadedPersons="0" unloadedPersons="0" initialContainers="0" loadedContainers="0" unloadedContainers="0" blockedDuration="0.00"/>
    <stopinfo id="16_bus_L84:0" type="pt_bus" lane="-178024_1" pos="36.08" parking="0" started="14713.00" ended="14743.00" busStop="-640755" initialPersons="0" loadedPersons="0" unloadedPersons="0" initialContainers="0" loadedContainers="0" unloadedContainers="0" blockedDuration="0.00"/>
    <stopinfo id="11_bus_L63:0" type="pt_bus" lane="-179559#7_1" pos="3.34" parking="0" started="14718.00" ended="14748.00" busStop="-639989" initialPersons="0" loadedPersons="0" unloadedPersons="0" initialContainers="0" loadedContainers="0" unloadedContainers="0" blockedDuration="0.00"/>
    <stopinfo id="17_tram_T1:0" type="pt_tram" lane="-178004#0_0" pos="102.05" parking="0" started="14741.00" ended="14771.00" busStop="-645143" initialPersons="0" loadedPersons="0" unloadedPersons="0" initialContainers="0" loadedContainers="0" unloadedContainers="0" blockedDuration="0.00"/>
    <stopinfo id="5_tram_T2:1" type="pt_tram" lane="-178073#24_0" pos="147.26" parking="0" started="14747.00" ended="14777.00" busStop="-638673" initialPersons="0" loadedPersons="0" unloadedPersons="0" initialContainers="0" loadedContainers="0" unloadedContainers="0" blockedDuration="0.00"/>
    <stopinfo id="13_bus_L68:1" type="pt_bus" lane="-180391#1_1" pos="22.54" parking="0" started="14753.00" ended="14783.00" busStop="-644297" initialPersons="0" loadedPersons="0" unloadedPersons="0" initialContainers="0" loadedContainers="0" unloadedContainers="0" blockedDuration="0.00"/>
    <stopinfo id="15_bus_72:0" type="pt_bus" lane="-177603#2_1" pos="17.82" parking="0" started="14756.00" ended="14786.00" busStop="-646556@-2064" initialPersons="0" loadedPersons="0" unloadedPersons="0" initialContainers="0" loadedContainers="0" unloadedContainers="0" blockedDuration="0.00"/>
    <stopinfo id="12_bus_L63:1" type="pt_bus" lane="--179852#0_1" pos="36.89" parking="0" started="14757.00" ended="14787.00" busStop="-633672" initialPersons="0" loadedPersons="0" unloadedPersons="0" initialContainers="0" loadedContainers="0" unloadedContainers="0" blockedDuration="0.00"/>
    <stopinfo id="2_tram_T2:0" type="pt_tram" lane="-181475#22_0" pos="52.64" parking="0" started="14758.00" ended="14788.00" busStop="-647232" initialPersons="0" loadedPersons="0" unloadedPersons="0" initialContainers="0" loadedContainers="0" unloadedContainers="0" blockedDuration="0.00"/>
    <stopinfo id="9_bus_L9E:0" type="pt_bus" lane="-178024_1" pos="36.08" parking="0" started="14761.00" ended="14791.00" busStop="-640755" initialPersons="0" loadedPersons="0" unloadedPersons="0" initialContainers="0" loadedContainers="0" unloadedContainers="0" blockedDuration="0.00"/>
    <stopinfo id="6_bus_L13:0" type="pt_bus" lane="-180285#1_1" pos="14.99" parking="0" started="14764.00" ended="14794.00" busStop="-644063" initialPersons="0" loadedPersons="0" unloadedPersons="0" initialContainers="0" loadedContainers="0" unloadedContainers="0" blockedDuration="0.00"/>
    <stopinfo id="18_bus_BW2:0" type="pt_bus" lane="-180605#3_0" pos="116.63" parking="0" started="14771.00" ended="14801.00" busStop="-630637" initialPersons="0" loadedPersons="0" unloadedPersons="0" initialContainers="0" loadedContainers="0" unloadedContainers="0" blockedDuration="0.00"/>
    <stopinfo id="3_bus_L50:0" type="pt_bus" lane="--178009#12_1" pos="16.18" parking="0" started="14774.00" ended="14804.00" busStop="-646915" initialPersons="0" loadedPersons="0" unloadedPersons="0" initialContainers="0" loadedContainers="0" unloadedContainers="0" blockedDuration="0.00"/>
    <stopinfo id="7_bus_L97B:1" type="pt_bus" lane="-181457#3_1" pos="18.62" parking="0" started="14778.00" ended="14808.00" busStop="-643641" initialPersons="0" loadedPersons="0" unloadedPersons="0" initialContainers="0" loadedContainers="0" unloadedContainers="0" blockedDuration="0.00"/>
    <stopinfo id="19_bus_L143:0" type="pt_bus" lane="-179855_1" pos="127.44" parking="0" started="14782.00" ended="14812.00" busStop="-635191" initialPersons="0" loadedPersons="0" unloadedPersons="0" initialContainers="0" loadedContainers="0" unloadedContainers="0" blockedDuration="0.00"/>
    <stopinfo id="11_bus_L63:0" type="pt_bus" lane="-177603#2_1" pos="19.47" parking="0" started="14796.00" ended="14826.00" busStop="-647875" initialPersons="0" loadedPersons="0" unloadedPersons="0" initialContainers="0" loadedContainers="0" unloadedContainers="0" blockedDuration="0.00"/>
    <stopinfo id="20_bus_L143:1" type="pt_bus" lane="--178009#2_1" pos="79.16" parking="0" started="14797.00" ended="14827.00" busStop="-636293" initialPersons="0" loadedPersons="0" unloadedPersons="0" initialContainers="0" loadedContainers="0" unloadedContainers="0" blockedDuration="0.00"/>
    <stopinfo id="21_bus_L19:0" type="pt_bus" lane="-179071#5_1" pos="27.30" parking="0" started="14798.00" ended="14828.00" busStop="-647176" initialPersons="0" loadedPersons="0" unloadedPersons="0" initialContainers="0" loadedContainers="0" unloadedContainers="0" blockedDuration="0.00"/>
    <stopinfo id="1_bus_L97B:0" type="pt_bus" lane="-180285#1_1" pos="14.98" parking="0" started="14802.00" ended="14832.00" busStop="-644063" initialPersons="0" loadedPersons="0" unloadedPersons="0" initialContainers="0" loadedContainers="0" unloadedContainers="0" blockedDuration="35.00"/>
    <stopinfo id="13_bus_L68:1" type="pt_bus" lane="-180283#2_1" pos="16.82" parking="0" started="14812.00" ended="14842.00" busStop="-640798" initialPersons="0" loadedPersons="0" unloadedPersons="0" initialContainers="0" loadedContainers="0" unloadedContainers="0" blockedDuration="0.00"/>
    <stopinfo id="22_bus_L109:0" type="pt_bus" lane="-177456_1" pos="88.12" parking="0" started="14821.00" ended="14851.00" busStop="-629689" initialPersons="0" loadedPersons="0" unloadedPersons="0" initialContainers="0" loadedContainers="0" unloadedContainers="0" blockedDuration="0.00"/>
    <stopinfo id="4_bus_L68:0" type="pt_bus" lane="--178367#1_1" pos="47.39" parking="0" started="14828.00" ended="14858.00" busStop="-635710" initialPersons="0" loadedPersons="0" unloadedPersons="0" initialContainers="0" loadedContainers="0" unloadedContainers="0" blockedDuration="0.00"/>
    <stopinfo id="6_bus_L13:0" type="pt_bus" lane="-181660#2_1" pos="23.38" parking="0" started="14830.00" ended="14860.00" busStop="-630256" initialPersons="0" loadedPersons="0" unloadedPersons="0" initialContainers="0" loadedContainers="0" unloadedContainers="0" blockedDuration="0.00"/>
    <stopinfo id="2_tram_T2:0" type="pt_tram" lane="-181475#30_0" pos="72.11" parking="0" started="14841.00" ended="14871.00" busStop="-630498" initialPersons="0" loadedPersons="0" unloadedPersons="0" initialContainers="0" loadedContainers="0" unloadedContainers="0" blockedDuration="0.00"/>
    <stopinfo id="12_bus_L63:1" type="pt_bus" lane="-177678#0_1" pos="14.98" parking="0" started="14842.00" ended="14872.00" busStop="-630610" initialPersons="0" loadedPersons="0" unloadedPersons="0" initialContainers="0" loadedContainers="0" unloadedContainers="0" blockedDuration="0.00"/>
    <stopinfo id="7_bus_L97B:1" type="pt_bus" lane="-181659#2_1" pos="159.86" parking="0" started="14845.00" ended="14875.00" busStop="-634109" initialPersons="0" loadedPersons="0" unloadedPersons="0" initialContainers="0" loadedContainers="0" unloadedContainers="0" blockedDuration="0.00"/>
    <stopinfo id="3_bus_L50:0" type="pt_bus" lane="--178009#2_1" pos="77.14" parking="0" started="14849.00" ended="14879.00" busStop="-634036" initialPersons="0" loadedPersons="0" unloadedPersons="0" initialContainers="0" loadedContainers="0" unloadedContainers="0" blockedDuration="0.00"/>
    <stopinfo id="21_bus_L19:0" type="pt_bus" lane="-179071#11_1" pos="6.86" parking="0" started="14852.00" ended="14882.00" busStop="-645144" initialPersons="0" loadedPersons="0" unloadedPersons="0" initialContainers="0" loadedContainers="0" unloadedContainers="0" blockedDuration="0.00"/>
    <stopinfo id="19_bus_L143:0" type="pt_bus" lane="--178367#10_1" pos="29.37" parking="0" started="14852.00" ended="14882.00" busStop="-639573" initialPersons="0" loadedPersons="0" unloadedPersons="0" initialContainers="0" loadedContainers="0" unloadedContainers="0" blockedDuration="0.00"/>
    <stopinfo id="18_bus_BW2:0" type="pt_bus" lane="-180605#8_0" pos="29.05" parking="0" started="14852.00" ended="14882.00" busStop="-649480" initialPersons="0" loadedPersons="0" unloadedPersons="0" initialContainers="0" loadedContainers="0" unloadedContainers="0" blockedDuration="0.00"/>
    <stopinfo id="24_bus_BW2:1" type="pt_bus" lane="-181310#6_0" pos="65.06" parking="0" started="14855.00" ended="14885.00" busStop="-641652" initialPersons="0" loadedPersons="0" unloadedPersons="0" initialContainers="0" loadedContainers="0" unloadedContainers="0" blockedDuration="0.00"/>
    <stopinfo id="5_tram_T2:1" type="pt_tram" lane="-178073#32_0" pos="91.26" parking="0" started="14861.00" ended="14891.00" busStop="-635306" initialPersons="0" loadedPersons="0" unloadedPersons="0" initialContainers="0" loadedContainers="0" unloadedContainers="0" blockedDuration="0.00"/>
    <stopinfo id="11_bus_L63:0" type="pt_bus" lane="-180475_1" pos="79.93" parking="0" started="14862.00" ended="14892.00" busStop="-629455" initialPersons="0" loadedPersons="0" unloadedPersons="0" initialContainers="0" loadedContainers="0" unloadedContainers="0" blockedDuration="0.00"/>
    <stopinfo id="1_bus_L97B:0" type="pt_bus" lane="-181660#2_1" pos="23.38" parking="0" started="14869.00" ended="14899.00" busStop="-630256" initialPersons="0" loadedPersons="0" unloadedPersons="0" initialContainers="0" loadedContainers="0" unloadedContainers="0" blockedDuration="0.00"/>
    <stopinfo id="22_bus_L109:0" type="pt_bus" lane="-179664#3_1" pos="23.48" parking="0" started="14878.00" ended="14908.00" busStop="-645244" initialPersons="0" loadedPersons="0" unloadedPersons="0" initialContainers="0" loadedContainers="0" unloadedContainers="0" blockedDuration="0.00"/>
    <stopinfo id="17_tram_T1:0" type="pt_tram" lane="-178004#10_0" pos="25.00" parking="0" started="14894.00" ended="14924.00" busStop="-639363" initialPersons="0" loadedPersons="0" unloadedPersons="0" initialContainers="0" loadedContainers="0" unloadedContainers="0" blockedDuration="0.00"/>
    <stopinfo id="26_bus_L19:1" type="pt_bus" lane="--177603#2_1" pos="71.73" parking="0" started="14898.00" ended="14928.00" busStop="-646556" initialPersons="0" loadedPersons="0" unloadedPersons="0" initialContainers="0" loadedContainers="0" unloadedContainers="0" blockedDuration="0.00"/>
    <stopinfo id="25_tram_T1:1" type="pt_tram" lane="-181489#2_0" pos="118.85" parking="0" started="14905.00" ended="14935.00" busStop="-641485" initialPersons="0" loadedPersons="0" unloadedPersons="0" initialContainers="0" loadedContainers="0" unloadedContainers="0" blockedDuration="0.00"/>
    <stopinfo id="21_bus_L19:0" type="pt_bus" lane="-177603#2_1" pos="19.50" parking="0" started="14909.00" ended="14939.00" busStop="-647875" initialPersons="0" loadedPersons="0" unloadedPersons="0" initialContainers="0" loadedContainers="0" unloadedContainers="0" blockedDuration="0.00"/>
    <stopinfo id="27_bus_L50:1" type="pt_bus" lane="-178009#2_1" pos="15.00" parking="0" started="14912.00" ended="14942.00" busStop="-636293@-2086" initialPersons="0" loadedPersons="0" unloadedPersons="0" initialContainers="0" loadedContainers="0" unloadedContainers="0" blockedDuration="0.00"/>
    <stopinfo id="13_bus_L68:1" type="pt_bus" lane="-181028#0_1" pos="15.00" parking="0" started="14912.00" ended="14942.00" busStop="-629239" initialPersons="0" loadedPersons="0" unloadedPersons="0" initialContainers="0" loadedContainers="0" unloadedContainers="0" blockedDuration="0.00"/>
    <stopinfo id="20_bus_L143:1" type="pt_bus" lane="--178009#12_1" pos="14.99" parking="0" started="14913.00" ended="14943.00" busStop="-630250" initialPersons="0" loadedPersons="0" unloadedPersons="0" initialContainers="0" loadedContainers="0" unloadedContainers="0" blockedDuration="0.00"/>
    <stopinfo id="19_bus_L143:0" type="pt_bus" lane="--178367#1_1" pos="46.65" parking="0" started="14913.00" ended="14943.00" busStop="-646629" initialPersons="0" loadedPersons="0" unloadedPersons="0" initialContainers="0" loadedContainers="0" unloadedContainers="0" blockedDuration="0.00"/>
    <stopinfo id="9_bus_L9E:0" type="pt_bus" lane="--178402#4_1" pos="15.00" parking="0" started="14915.00" ended="14945.00" busStop="-639018" initialPersons="0" loadedPersons="0" unloadedPersons="0" initialContainers="0" loadedContainers="0" unloadedContainers="0" blockedDuration="0.00"/>
    <stopinfo id="24_bus_BW2:1" type="pt_bus" lane="-181310#12_0" pos="36.03" parking="0" started="14928.00" ended="14958.00" busStop="-629552" initialPersons="0" loadedPersons="0" unloadedPersons="0" initialContainers="0" loadedContainers="0" unloadedContainers="0" blockedDuration="0.00"/>
    <stopinfo id="4_bus_L68:0" type="pt_bus" lane="--178367#10_1" pos="25.82" parking="0" started="14935.00" ended="14965.00" busStop="-647547" initialPersons="0" loadedPersons="0" unloadedPersons="0" initialContainers="0" loadedContainers="0" unloadedContainers="0" blockedDuration="0.00"/>
    <stopinfo id="5_tram_T2:1" type="pt_tram" lane="-178073#35_0" pos="210.00" parking="0" started="14935.00" ended="14965.00" busStop="-631631" initialPersons="0" loadedPersons="0" unloadedPersons="0" initialContainers="0" loadedContainers="0" unloadedContainers="0" blockedDuration="0.00"/>
    <stopinfo id="15_bus_72:0" type="pt_bus" lane="-177678#0_1" pos="30.52" parking="0" started="14938.00" ended="14968.00" busStop="-644329" initialPersons="0" loadedPersons="0" unloadedPersons="0" initialContainers="0" loadedContainers="0" unloadedContainers="0" blockedDuration="0.00"/>
    <stopinfo id="22_bus_L109:0" type="pt_bus" lane="-179664#8_1" pos="61.04" parking="0" started="14938.00" ended="14968.00" busStop="-644616" initialPersons="0" loadedPersons="0" unloadedPersons="0" initialContainers="0" loadedContainers="0" unloadedContainers="0" blockedDuration="0.00"/>
    <stopinfo id="16_bus_L84:0" type="pt_bus" lane="-177678#0_1" pos="14.98" parking="0" started="14948.00" ended="14978.00" busStop="-630610" initialPersons="0" loadedPersons="0" unloadedPersons="0" initialContainers="0" loadedContainers="0" unloadedContainers="0" blockedDuration="0.00"/>
    <stopinfo id="18_bus_BW2:0" type="pt_bus" lane="-180605#10_0" pos="504.38" parking="0" started="14950.00" ended="14980.00" busStop="-637416" initialPersons="0" loadedPersons="0" unloadedPersons="0" initialContainers="0" loadedContainers="0" unloadedContainers="0" blockedDuration="0.00"/>
    <stopinfo id="26_bus_L19:1" type="pt_bus" lane="--179071#10_1" pos="4.09" parking="0" started="14955.00" ended="14985.00" busStop="-647519" initialPersons="0" loadedPersons="0" unloadedPersons="0" initialContainers="0" loadedContainers="0" unloadedContainers="0" blockedDuration="0.00"/>
    <stopinfo id="2_tram_T2:0" type="pt_tram" lane="-181475#36_0" pos="53.14" parking="0" started="14972.00" ended="15002.00" busStop="-650404" initialPersons="0" loadedPersons="0" unloadedPersons="0" initialContainers="0" loadedContainers="0" unloadedContainers="0" blockedDuration="0.00"/>
    <stopinfo id="13_bus_L68:1" type="pt_bus" lane="--178367#10_1" pos="29.36" parking="0" started="14978.00" ended="15008.00" busStop="-639573" initialPersons="0" loadedPersons="0" unloadedPersons="0" initialContainers="0" loadedContainers="0" unloadedContainers="0" blockedDuration="0.00"/>
    <stopinfo id="27_bus_L50:1" type="pt_bus" lane="-178009#12_1" pos="149.58" parking="0" started="14984.00" ended="15014.00" busStop="-630250@-2086" initialPersons="0" loadedPersons="0" unloadedPersons="0" initialContainers="0" loadedContainers="0" unloadedContainers="0" blockedDuration="0.00"/>
    <stopinfo id="29_bus_L13:1" type="pt_bus" lane="-179063#3_1" pos="48.54" parking="0" started="14985.00" ended="15015.00" busStop="-646707" initialPersons="0" loadedPersons="0" unloadedPersons="0" initialContainers="0" loadedContainers="0" unloadedContainers="0" blockedDuration="0.00"/>
    <stopinfo id="9_bus_L9E:0" type="pt_bus" lane="--178009#12_1" pos="16.17" parking="0" started="14993.00" ended="15023.00" busStop="-646915" initialPersons="0" loadedPersons="0" unloadedPersons="0" initialContainers="0" loadedContainers="0" unloadedContainers="0" blockedDuration="0.00"/>
    <stopinfo id="19_bus_L143:0" type="pt_bus" lane="-177915#1_1" pos="7.99" parking="0" started="15005.00" ended="15035.00" busStop="-629635" initialPersons="0" loadedPersons="0" unloadedPersons="0" initialContainers="0" loadedContainers="0" unloadedContainers="0" blockedDuration="0.00"/>
    <stopinfo id="26_bus_L19:1" type="pt_bus" lane="--179071#5_1" pos="27.15" parking="0" started="15010.00" ended="15040.00" busStop="-630154" initialPersons="0" loadedPersons="0" unloadedPersons="0" initialContainers="0" loadedContainers="0" unloadedContainers="0" blockedDuration="0.00"/>
    <stopinfo id="16_bus_L84:0" type="pt_bus" lane="-180545#5_1" pos="3.78" parking="0" started="15015.00" ended="15045.00" busStop="-641493" initialPersons="0" loadedPersons="0" unloadedPersons="0" initialContainers="0" loadedContainers="0" unloadedContainers="0" blockedDuration="0.00"/>
    <stopinfo id="20_bus_L143:1" type="pt_bus" lane="--181653#5_1" pos="25.35" parking="0" started="15015.00" ended="15045.00" busStop="-634407" initialPersons="0" loadedPersons="0" unloadedPersons="0" initialContainers="0" loadedContainers="0" unloadedContainers="0" blockedDuration="0.00"/>
    <stopinfo id="6_bus_L13:0" type="pt_bus" lane="-180765#1_1" pos="14.99" parking="0" started="15026.00" ended="15056.00" busStop="-637686" initialPersons="0" loadedPersons="0" unloadedPersons="0" initialContainers="0" loadedContainers="0" unloadedContainers="0" blockedDuration="0.00"/>
    <stopinfo id="7_bus_L97B:1" type="pt_bus" lane="-180843#3_1" pos="125.99" parking="0" started="15032.00" ended="15062.00" busStop="-637264" initialPersons="0" loadedPersons="0" unloadedPersons="0" initialContainers="0" loadedContainers="0" unloadedContainers="0" blockedDuration="0.00"/>
    <stopinfo id="13_bus_L68:1" type="pt_bus" lane="--178367#1_1" pos="46.62" parking="0" started="15040.00" ended="15070.00" busStop="-646629" initialPersons="0" loadedPersons="0" unloadedPersons="0" initialContainers="0" loadedContainers="0" unloadedContainers="0" blockedDuration="0.00"/>
    <stopinfo id="29_bus_L13:1" type="pt_bus" lane="-180991#0_1" pos="105.79" parking="0" started="15046.00" ended="15076.00" busStop="-636324" initialPersons="0" loadedPersons="0" unloadedPersons="0" initialContainers="0" loadedContainers="0" unloadedContainers="0" blockedDuration="0.00"/>
    <stopinfo id="5_tram_T2:1" type="pt_tram" lane="-178073#43_0" pos="89.71" parking="0" started="15050.00" ended="15080.00" busStop="-630708" initialPersons="0" loadedPersons="0" unloadedPersons="0" initialContainers="0" loadedContainers="0" unloadedContainers="0" blockedDuration="0.00"/>
    <stopinfo id="18_bus_BW2:0" type="pt_bus" lane="-180605#19_0" pos="15.00" parking="0" started="15050.00" ended="15080.00" busStop="-645324" initialPersons="0" loadedPersons="0" unloadedPersons="0" initialContainers="0" loadedContainers="0" unloadedContainers="0" blockedDuration="0.00"/>
    <stopinfo id="4_bus_L68:0" type="pt_bus" lane="--177880#0_1" pos="2.72" parking="0" started="15055.00" ended="15085.00" busStop="-650614" initialPersons="0" loadedPersons="0" unloadedPersons="0" initialContainers="0" loadedContainers="0" unloadedContainers="0" blockedDuration="0.00"/>
    <stopinfo id="27_bus_L50:1" type="pt_bus" lane="-181653#5_1" pos="43.78" parking="0" started="15062.00" ended="15092.00" busStop="-634407@-2086" initialPersons="0" loadedPersons="0" unloadedPersons="0" initialContainers="0" loadedContainers="0" unloadedContainers="0" blockedDuration="0.00"/>
    <stopinfo id="24_bus_BW2:1" type="pt_bus" lane="-181310#21_0" pos="40.04" parking="0" started="15062.00" ended="15092.00" busStop="-629960" initialPersons="0" loadedPersons="0" unloadedPersons="0" initialContainers="0" loadedContainers="0" unloadedContainers="0" blockedDuration="0.00"/>
    <stopinfo id="1_bus_L97B:0" type="pt_bus" lane="-180765#1_1" pos="15.00" parking="0" started="15064.00" ended="15094.00" busStop="-637686" initialPersons="0" loadedPersons="0" unloadedPersons="0" initialContainers="0" loadedContainers="0" unloadedContainers="0" blockedDuration="33.00"/>
    <stopinfo id="2_tram_T2:0" type="pt_tram" lane="-181475#46_0" pos="40.39" parking="0" started="15065.00" ended="15095.00" busStop="-649549" initialPersons="0" loadedPersons="0" unloadedPersons="0" initialContainers="0" loadedContainers="0" unloadedContainers="0" blockedDuration="0.00"/>
    <stopinfo id="9_bus_L9E:0" type="pt_bus" lane="--178009#2_1" pos="77.13" parking="0" started="15068.00" ended="15098.00" busStop="-634036" initialPersons="0" loadedPersons="0" unloadedPersons="0" initialContainers="0" loadedContainers="0" unloadedContainers="0" blockedDuration="0.00"/>
    <stopinfo id="25_tram_T1:1" type="pt_tram" lane="-181489#10_0" pos="321.89" parking="0" started="15069.00" ended="15099.00" busStop="-644367" initialPersons="0" loadedPersons="0" unloadedPersons="0" initialContainers="0" loadedContainers="0" unloadedContainers="0" blockedDuration="0.00"/>
    <stopinfo id="7_bus_L97B:1" type="pt_bus" lane="-180843#6_1" pos="241.94" parking="0" started="15092.00" ended="15122.00" busStop="-637075" initialPersons="0" loadedPersons="0" unloadedPersons="0" initialContainers="0" loadedContainers="0" unloadedContainers="0" blockedDuration="0.00"/>
    <stopinfo id="6_bus_L13:0" type="pt_bus" lane="-180187#0_1" pos="14.99" parking="0" started="15095.00" ended="15125.00" busStop="-645667" initialPersons="0" loadedPersons="0" unloadedPersons="0" initialContainers="0" loadedContainers="0" unloadedContainers="0" blockedDuration="0.00"/>
    <stopinfo id="19_bus_L143:0" type="pt_bus" lane="--181653#5_1" pos="26.79" parking="0" started="15113.00" ended="15143.00" busStop="-638160" initialPersons="0" loadedPersons="0" unloadedPersons="0" initialContainers="0" loadedContainers="0" unloadedContainers="0" blockedDuration="0.00"/>
    <stopinfo id="13_bus_L68:1" type="pt_bus" lane="-177374#0_1" pos="32.66" parking="0" started="15115.00" ended="15145.00" busStop="-632631" initialPersons="0" loadedPersons="0" unloadedPersons="0" initialContainers="0" loadedContainers="0" unloadedContainers="0" blockedDuration="0.00"/>
    <stopinfo id="18_bus_BW2:0" type="pt_bus" lane="-180605#25_0" pos="232.25" parking="0" started="15116.00" ended="15146.00" busStop="-636467" initialPersons="0" loadedPersons="0" unloadedPersons="0" initialContainers="0" loadedContainers="0" unloadedContainers="0" blockedDuration="0.00"/>
    <stopinfo id="1_bus_L97B:0" type="pt_bus" lane="-180187#0_1" pos="15.00" parking="0" started="15133.00" ended="15163.00" busStop="-645667" initialPersons="0" loadedPersons="0" unloadedPersons="0" initialContainers="0" loadedContainers="0" unloadedContainers="0" blockedDuration="0.00"/>
    <stopinfo id="22_bus_L109:0" type="pt_bus" lane="-178285#10_1" pos="17.12" parking="0" started="15139.00" ended="15169.00" busStop="-648583" initialPersons="0" loadedPersons="0" unloadedPersons="0" initialContainers="0" loadedContainers="0" unloadedContainers="0" blockedDuration="0.00"/>
    <stopinfo id="5_tram_T2:1" type="pt_tram" lane="-178073#53_0" pos="89.65" parking="0" started="15145.00" ended="15175.00" busStop="-639358" initialPersons="0" loadedPersons="0" unloadedPersons="0" initialContainers="0" loadedContainers="0" unloadedContainers="0" blockedDuration="0.00"/>
    <stopinfo id="24_bus_BW2:1" type="pt_bus" lane="-181310#23_0" pos="437.13" parking="0" started="15158.00" ended="15188.00" busStop="-646132" initialPersons="0" loadedPersons="0" unloadedPersons="0" initialContainers="0" loadedContainers="0" unloadedContainers="0" blockedDuration="0.00"/>
    <stopinfo id="27_bus_L50:1" type="pt_bus" lane="-178629#3_1" pos="37.03" parking="0" started="15164.00" ended="15194.00" busStop="-632331@-2076" initialPersons="0" loadedPersons="0" unloadedPersons="0" initialContainers="0" loadedContainers="0" unloadedContainers="0" blockedDuration="0.00"/>
    <stopinfo id="2_tram_T2:0" type="pt_tram" lane="-181475#54_0" pos="0.28" parking="0" started="15166.00" ended="15196.00" busStop="-646730" initialPersons="0" loadedPersons="0" unloadedPersons="0" initialContainers="0" loadedContainers="0" unloadedContainers="0" blockedDuration="0.00"/>
    <stopinfo id="13_bus_L68:1" type="pt_bus" lane="-177915#1_1" pos="8.01" parking="0" started="15173.00" ended="15203.00" busStop="-629635" initialPersons="0" loadedPersons="0" unloadedPersons="0" initialContainers="0" loadedContainers="0" unloadedContainers="0" blockedDuration="0.00"/>
    <stopinfo id="4_bus_L68:0" type="pt_bus" lane="-180283#2_1" pos="17.84" parking="0" started="15174.00" ended="15204.00" busStop="-647417" initialPersons="0" loadedPersons="0" unloadedPersons="0" initialContainers="0" loadedContainers="0" unloadedContainers="0" blockedDuration="0.00"/>
    <stopinfo id="29_bus_L13:1" type="pt_bus" lane="-181457#3_1" pos="18.62" parking="0" started="15176.00" ended="15206.00" busStop="-643641" initialPersons="0" loadedPersons="0" unloadedPersons="0" initialContainers="0" loadedContainers="0" unloadedContainers="0" blockedDuration="0.00"/>
    <stopinfo id="20_bus_L143:1" type="pt_bus" lane="--181653#13_1" pos="14.99" parking="0" started="15182.00" ended="15212.00" busStop="-644909" initialPersons="0" loadedPersons="0" unloadedPersons="0" initialContainers="0" loadedContainers="0" unloadedContainers="0" blockedDuration="0.00"/>
    <stopinfo id="19_bus_L143:0" type="pt_bus" lane="--178009#12_1" pos="16.16" parking="0" started="15188.00" ended="15218.00" busStop="-646915" initialPersons="0" loadedPersons="0" unloadedPersons="0" initialContainers="0" loadedContainers="0" unloadedContainers="0" blockedDuration="0.00"/>
    <stopinfo id="22_bus_L109:0" type="pt_bus" lane="-178629#3_1" pos="37.02" parking="0" started="15213.00" ended="15243.00" busStop="-632331@-2076" initialPersons="0" loadedPersons="0" unloadedPersons="0" initialContainers="0" loadedContainers="0" unloadedContainers="0" blockedDuration="0.00"/>
    <stopinfo id="27_bus_L50:1" type="pt_bus" lane="-177360#1_1" pos="153.81" parking="0" started="15221.00" ended="15251.00" busStop="-633153" initialPersons="0" loadedPersons="0" unloadedPersons="0" initialContainers="0" loadedContainers="0" unloadedContainers="0" blockedDuration="0.00"/>
    <stopinfo id="24_bus_BW2:1" type="pt_bus" lane="-181310#28_0" pos="117.42" parking="0" started="15223.00" ended="15253.00" busStop="-636312" initialPersons="0" loadedPersons="0" unloadedPersons="0" initialContainers="0" loadedContainers="0" unloadedContainers="0" blockedDuration="0.00"/>
    <stopinfo id="29_bus_L13:1" type="pt_bus" lane="-181659#2_1" pos="159.86" parking="0" started="15243.00" ended="15273.00" busStop="-634109" initialPersons="0" loadedPersons="0" unloadedPersons="0" initialContainers="0" loadedContainers="0" unloadedContainers="0" blockedDuration="0.00"/>
    <stopinfo id="13_bus_L68:1" type="pt_bus" lane="-179073#2_1" pos="78.14" parking="0" started="15247.00" ended="15277.00" busStop="-648811" initialPersons="0" loadedPersons="0" unloadedPersons="0" initialContainers="0" loadedContainers="0" unloadedContainers="0" blockedDuration="0.00"/>
    <stopinfo id="19_bus_L143:0" type="pt_bus" lane="--178009#2_1" pos="77.14" parking="0" started="15265.00" ended="15295.00" busStop="-634036" initialPersons="0" loadedPersons="0" unloadedPersons="0" initialContainers="0" loadedContainers="0" unloadedContainers="0" blockedDuration="0.00"/>
    <stopinfo id="22_bus_L109:0" type="pt_bus" lane="-177360#1_1" pos="153.81" parking="0" started="15270.00" ended="15300.00" busStop="-633153" initialPersons="0" loadedPersons="0" unloadedPersons="0" initialContainers="0" loadedContainers="0" unloadedContainers="0" blockedDuration="0.00"/>
    <stopinfo id="4_bus_L68:0" type="pt_bus" lane="-180391#1_1" pos="14.99" parking="0" started="15286.00" ended="15316.00" busStop="-635568" initialPersons="0" loadedPersons="0" unloadedPersons="0" initialContainers="0" loadedContainers="0" unloadedContainers="0" blockedDuration="0.00"/>
    <stopinfo id="27_bus_L50:1" type="pt_bus" lane="-179855_1" pos="127.44" parking="0" started="15286.00" ended="15316.00" busStop="-635191" initialPersons="0" loadedPersons="0" unloadedPersons="0" initialContainers="0" loadedContainers="0" unloadedContainers="0" blockedDuration="0.00"/>
    <stopinfo id="20_bus_L143:1" type="pt_bus" lane="--181264#0_1" pos="50.80" parking="0" started="15339.00" ended="15369.00" busStop="-632331" initialPersons="0" loadedPersons="0" unloadedPersons="0" initialContainers="0" loadedContainers="0" unloadedContainers="0" blockedDuration="0.00"/>
    <stopinfo id="13_bus_L68:1" type="pt_bus" lane="-180843#3_1" pos="125.96" parking="0" started="15349.00" ended="15379.00" busStop="-637264" initialPersons="0" loadedPersons="0" unloadedPersons="0" initialContainers="0" loadedContainers="0" unloadedContainers="0" blockedDuration="0.00"/>
    <stopinfo id="22_bus_L109:0" type="pt_bus" lane="-178367#1_1" pos="22.21" parking="0" started="15350.00" ended="15380.00" busStop="-635710@-2076" initialPersons="0" loadedPersons="0" unloadedPersons="0" initialContainers="0" loadedContainers="0" unloadedContainers="0" blockedDuration="0.00"/>
    <stopinfo id="4_bus_L68:0" type="pt_bus" lane="--178768#0_1" pos="17.64" parking="0" started="15385.00" ended="15415.00" busStop="-647165" initialPersons="0" loadedPersons="0" unloadedPersons="0" initialContainers="0" loadedContainers="0" unloadedContainers="0" blockedDuration="0.00"/>
    <stopinfo id="13_bus_L68:1" type="pt_bus" lane="-180843#6_1" pos="241.94" parking="0" started="15410.00" ended="15440.00" busStop="-637075" initialPersons="0" loadedPersons="0" unloadedPersons="0" initialContainers="0" loadedContainers="0" unloadedContainers="0" blockedDuration="0.00"/>
    <stopinfo id="22_bus_L109:0" type="pt_bus" lane="-178367#10_1" pos="88.76" parking="0" started="15411.00" ended="15441.00" busStop="-647547@-2076" initialPersons="0" loadedPersons="0" unloadedPersons="0" initialContainers="0" loadedContainers="0" unloadedContainers="0" blockedDuration="0.00"/>
    <stopinfo id="29_bus_L13:1" type="pt_bus" lane="-180843#3_1" pos="126.00" parking="0" started="15418.00" ended="15448.00" busStop="-637264" initialPersons="0" loadedPersons="0" unloadedPersons="0" initialContainers="0" loadedContainers="0" unloadedContainers="0" blockedDuration="0.00"/>
    <stopinfo id="20_bus_L143:1" type="pt_bus" lane="--178367#1_1" pos="47.39" parking="0" started="15455.00" ended="15485.00" busStop="-635710" initialPersons="0" loadedPersons="0" unloadedPersons="0" initialContainers="0" loadedContainers="0" unloadedContainers="0" blockedDuration="0.00"/>
    <stopinfo id="22_bus_L109:0" type="pt_bus" lane="-179738#3_1" pos="60.44" parking="0" started="15466.00" ended="15496.00" busStop="-650614@-2076" initialPersons="0" loadedPersons="0" unloadedPersons="0" initialContainers="0" loadedContainers="0" unloadedContainers="0" blockedDuration="0.00"/>
    <stopinfo id="29_bus_L13:1" type="pt_bus" lane="-180843#6_1" pos="241.95" parking="0" started="15480.00" ended="15510.00" busStop="-637075" initialPersons="0" loadedPersons="0" unloadedPersons="0" initialContainers="0" loadedContainers="0" unloadedContainers="0" blockedDuration="0.00"/>
    <stopinfo id="4_bus_L68:0" type="pt_bus" lane="--177764#1_1" pos="40.31" parking="0" started="15500.00" ended="15530.00" busStop="-632301" initialPersons="0" loadedPersons="0" unloadedPersons="0" initialContainers="0" loadedContainers="0" unloadedContainers="0" blockedDuration="0.00"/>
    <stopinfo id="20_bus_L143:1" type="pt_bus" lane="--178367#10_1" pos="25.83" parking="0" started="15563.00" ended="15593.00" busStop="-647547" initialPersons="0" loadedPersons="0" unloadedPersons="0" initialContainers="0" loadedContainers="0" unloadedContainers="0" blockedDuration="0.00"/>
    <stopinfo id="22_bus_L109:0" type="pt_bus" lane="--180283#2_1" pos="20.04" parking="0" started="15568.00" ended="15598.00" busStop="-647417@-2076" initialPersons="0" loadedPersons="0" unloadedPersons="0" initialContainers="0" loadedContainers="0" unloadedContainers="0" blockedDuration="0.00"/>
    <stopinfo id="22_bus_L109:0" type="pt_bus" lane="--180391#1_1" pos="41.54" parking="0" started="15629.00" ended="15659.00" busStop="-635568@-2076" initialPersons="0" loadedPersons="0" unloadedPersons="0" initialContainers="0" loadedContainers="0" unloadedContainers="0" blockedDuration="0.00"/>
    <stopinfo id="20_bus_L143:1" type="pt_bus" lane="-178024_1" pos="36.09" parking="0" started="15657.00" ended="15687.00" busStop="-640755" initialPersons="0" loadedPersons="0" unloadedPersons="0" initialContainers="0" loadedContainers="0" unloadedContainers="0" blockedDuration="0.00"/>
    <stopinfo id="22_bus_L109:0" type="pt_bus" lane="--179530_1" pos="74.22" parking="0" started="15687.00" ended="15717.00" busStop="-640677" initialPersons="0" loadedPersons="0" unloadedPersons="0" initialContainers="0" loadedContainers="0" unloadedContainers="0" blockedDuration="0.00"/>
</stops>
